Price,Close
Ticker,GOOG
Date,
2024-12-06,175.72093200683594
2024-12-09,176.5283203125
2024-12-10,185.92787170410156
2024-12-11,196.07501220703125
2024-12-12,193.0049591064453
2024-12-13,190.76220703125
2024-12-16,197.5203399658203
2024-12-17,196.4836883544922
2024-12-18,189.5361785888672
2024-12-19,189.08761596679688
2024-12-20,192.33712768554688
2024-12-23,195.3573455810547
2024-12-24,196.93222045898438
2024-12-26,196.4637451171875
2024-12-27,193.4136199951172
2024-12-30,192.0679931640625
2024-12-31,189.8252410888672
2025-01-02,190.01463317871094
2025-01-03,192.50657653808594
2025-01-06,197.32098388671875
2025-01-07,196.07501220703125
2025-01-08,194.75927734375
2025-01-10,192.5464324951172
2025-01-13,191.6692657470703
2025-01-14,190.43328857421875
2025-01-15,196.34413146972656
2025-01-16,193.78244018554688
2025-01-17,196.9123077392578
2025-01-21,198.98558044433594
2025-01-22,199.38429260253906
2025-01-23,198.9357452392578
2025-01-24,201.2482452392578
2025-01-27,193.14450073242188
2025-01-28,196.43386840820312
2025-01-29,196.54347229003906
2025-01-30,201.9759063720703
2025-01-31,204.93630981445312
2025-02-03,201.98585510253906
2025-02-04,207.0395050048828
2025-02-05,192.67601013183594
2025-02-06,192.6859588623047
2025-02-07,186.53590393066406
2025-02-10,187.59246826171875
2025-02-11,186.46612548828125
2025-02-12,184.83140563964844
2025-02-13,187.27352905273438
2025-02-14,186.2667694091797
2025-02-18,185.20021057128906
2025-02-19,186.52593994140625
2025-02-20,186.03750610351562
2025-02-21,180.99383544921875
2025-02-24,180.6051025390625
2025-02-25,176.7974395751953
2025-02-26,174.13604736328125
2025-02-27,169.6605682373047
2025-02-28,171.6640625
2025-03-03,168.1155548095703
2025-03-04,172.05279541015625
2025-03-05,174.4251251220703
2025-03-06,173.64764404296875
2025-03-07,175.1826629638672
2025-03-10,167.4588623046875
2025-03-11,165.6326904296875
2025-03-12,168.6463623046875
2025-03-13,164.3852996826172
2025-03-14,167.26925659179688
2025-03-17,166.22145080566406
2025-03-18,162.32960510253906
2025-03-19,165.9320526123047
2025-03-20,164.7046356201172
2025-03-21,165.90213012695312
2025-03-24,169.5744171142578
2025-03-25,172.42843627929688
2025-03-26,166.79025268554688
2025-03-27,163.73666381835938
2025-03-28,155.7334442138672
2025-03-31,155.90309143066406
2025-04-01,158.54754638671875
2025-04-02,158.527587890625
2025-04-03,152.3106231689453
2025-04-04,147.4308624267578
2025-04-07,148.92771911621094
2025-04-08,146.27328491210938
2025-04-09,160.72299194335938
2025-04-10,155.04489135742188
2025-04-11,159.0664520263672
2025-04-14,161.13214111328125
2025-04-15,158.34796142578125
2025-04-16,155.17462158203125
2025-04-17,153.0391082763672
2025-04-21,149.54641723632812
2025-04-22,153.5779571533203
2025-04-23,157.38998413085938
2025-04-24,161.13214111328125
2025-04-25,163.50714111328125
2025-04-28,162.08013916015625
2025-04-29,161.72088623046875
2025-04-30,160.55332946777344
2025-05-01,162.44935607910156
2025-05-02,165.46304321289062
2025-05-05,165.70254516601562
2025-05-06,164.8543243408203
2025-05-07,152.4802703857422
2025-05-08,155.42410278320312
2025-05-09,154.0569610595703
2025-05-12,159.24607849121094
2025-05-13,160.55332946777344
2025-05-14,166.4609375
2025-05-15,165.05389404296875
2025-05-16,167.07965087890625
2025-05-19,167.5187225341797
2025-05-20,164.97409057617188
2025-05-21,169.7041473388672
2025-05-22,171.62013244628906
2025-05-23,169.23513793945312
2025-05-27,173.61593627929688
2025-05-28,173.0172119140625
2025-05-29,172.5980987548828
2025-05-30,172.48831176757812
2025-06-02,170.01348876953125
2025-06-03,167.3590850830078
2025-06-04,169.03555297851562
2025-06-05,169.4546661376953
2025-06-06,174.55397033691406
2025-06-09,177.47137451171875
2025-06-10,179.8492431640625
2025-06-11,178.63034057617188
2025-06-12,176.8119659423828
2025-06-13,175.7229461669922
2025-06-16,177.78109741210938
2025-06-17,177.0717315673828
2025-06-18,173.8246307373047
2025-06-20,167.58021545410156
2025-06-23,165.86175537109375
2025-06-24,167.5902099609375
2025-06-25,171.3368682861328
2025-06-26,174.27423095703125
2025-06-27,178.11080932617188
2025-06-30,177.23159790039062
2025-07-01,176.7520294189453
2025-07-02,179.59947204589844
2025-07-03,180.38877868652344
2025-07-07,177.4014434814453
2025-07-08,175.0035858154297
2025-07-09,177.50135803222656
2025-07-10,178.54042053222656
2025-07-11,181.14808654785156
2025-07-14,182.64674377441406
2025-07-15,182.93649291992188
2025-07-16,183.60589599609375
2025-07-17,184.53506469726562
2025-07-18,185.77395629882812
2025-07-21,190.9792938232422
2025-07-22,191.93844604492188
2025-07-23,191.33897399902344
2025-07-24,193.0274658203125
2025-07-25,193.9066925048828
2025-07-28,193.2472686767578
2025-07-29,196.25457763671875
2025-07-30,197.26368713378906
2025-07-31,192.68777465820312
2025-08-01,189.78036499023438
2025-08-04,195.5751953125
2025-08-05,195.1455841064453
2025-08-06,196.74415588378906
2025-08-07,197.10382080078125
2025-08-08,201.90953063964844
2025-08-11,201.449951171875
2025-08-12,203.97769165039062
2025-08-13,202.84869384765625
2025-08-14,203.63800048828125
2025-08-15,204.72702026367188
2025-08-18,204.10755920410156
2025-08-19,202.30918884277344
2025-08-20,200.01123046875
2025-08-21,200.4408416748047
2025-08-22,206.535400390625
2025-08-25,208.9732208251953
2025-08-26,207.76429748535156
2025-08-27,208.02407836914062
2025-08-28,212.1803436279297
2025-08-29,213.3393096923828
2025-09-02,211.8007049560547
2025-09-03,230.8936309814453
2025-09-04,232.45223999023438
2025-09-05,234.95999145507812
2025-09-08,234.16000366210938
2025-09-09,239.94000244140625
2025-09-10,239.55999755859375
2025-09-11,240.77999877929688
2025-09-12,241.3800048828125
2025-09-15,251.75999450683594
2025-09-16,251.4199981689453
2025-09-17,249.85000610351562
2025-09-18,252.3300018310547
2025-09-19,255.24000549316406
2025-09-22,252.8800048828125
2025-09-23,252.33999633789062
2025-09-24,247.8300018310547
2025-09-25,246.57000732421875
2025-09-26,247.17999267578125
2025-09-29,244.36000061035156
2025-09-30,243.5500030517578
2025-10-01,245.5399932861328
2025-10-02,246.42999267578125
2025-10-03,246.4499969482422
2025-10-06,251.50999450683594
2025-10-07,247.1300048828125
2025-10-08,245.4600067138672
2025-10-09,242.2100067138672
2025-10-10,237.49000549316406
2025-10-13,244.63999938964844
2025-10-14,246.19000244140625
2025-10-15,251.7100067138672
2025-10-16,251.8800048828125
2025-10-17,253.7899932861328
2025-10-20,257.0199890136719
2025-10-21,251.33999633789062
2025-10-22,252.52999877929688
2025-10-23,253.72999572753906
2025-10-24,260.510009765625
2025-10-27,269.92999267578125
2025-10-28,268.42999267578125
2025-10-29,275.1700134277344
2025-10-30,281.8999938964844
2025-10-31,281.82000732421875
2025-11-03,284.1199951171875
2025-11-04,278.05999755859375
2025-11-05,284.75
2025-11-06,285.3399963378906
2025-11-07,279.70001220703125
2025-11-10,290.5899963378906
2025-11-11,291.739990234375
2025-11-12,287.42999267578125
2025-11-13,279.1199951171875
2025-11-14,276.9800109863281
2025-11-17,285.6000061035156
2025-11-18,284.9599914550781
2025-11-19,292.989990234375
2025-11-20,289.9800109863281
2025-11-21,299.6499938964844
2025-11-24,318.4700012207031
2025-11-25,323.6400146484375
2025-11-26,320.2799987792969
2025-11-28,320.1199951171875
2025-12-01,315.1199951171875
2025-12-02,316.0199890136719
2025-12-03,320.6199951171875
2025-12-04,318.3900146484375
2025-12-05,322.0899963378906
